{"cameraMode":{"drawMode":0,"name":"Shaded","section":"Shading Mode"},"sceneLighting":false,"audioPlay":false,"sceneViewState":{"m_AlwaysRefresh":false,"showFog":true,"showSkybox":true,"showFlares":true,"showImageEffects":true,"showParticleSystems":true,"showVisualEffectGraphs":true,"m_FxEnabled":true},"in2DMode":false,"pivot":{"x":-0.0297078900039196,"y":0.06321410834789276,"z":-0.04275888204574585},"rotation":{"x":0.013574613258242607,"y":-0.7280609011650086,"z":0.014425850473344326,"w":0.6852367520332336},"size":1.4615528583526612,"orthographic":false}